epoch,train acc,test acc,train loss,test loss
1.0,0.541,0.570625,0.45899999141693115,0.4293749928474426
2.0,0.582,0.60875,0.4179999828338623,0.39125001430511475
3.0,0.606,0.62,0.39399999380111694,0.3799999952316284
4.0,0.634,0.6475,0.3659999966621399,0.3525000214576721
5.0,0.654,0.65,0.34599995613098145,0.3500000238418579
6.0,0.666,0.660625,0.33399999141693115,0.33937501907348633
7.0,0.683,0.68875,0.31699997186660767,0.3112500309944153
8.0,0.702,0.680625,0.2979999780654907,0.31937503814697266
9.0,0.712,0.676875,0.2879999876022339,0.3231250047683716
10.0,0.714,0.67625,0.28599995374679565,0.32375001907348633
11.0,0.719,0.67875,0.28099995851516724,0.3212500214576721
12.0,0.721,0.673125,0.2789999842643738,0.3268750309944153
13.0,0.728,0.68125,0.27199995517730713,0.3187500238418579
14.0,0.729,0.67875,0.2709999680519104,0.3212500214576721
15.0,0.73,0.68,0.26999998092651367,0.3199999928474426
16.0,0.735,0.67375,0.26499998569488525,0.32625001668930054
17.0,0.742,0.671875,0.2579999566078186,0.328125
18.0,0.745,0.67125,0.25499993562698364,0.32875001430511475
19.0,0.745,0.676875,0.25499993562698364,0.3231250047683716
20.0,0.744,0.675,0.25599998235702515,0.32499998807907104
21.0,0.744,0.669375,0.25599998235702515,0.3306249976158142
22.0,0.746,0.674375,0.2539999485015869,0.3256250023841858
23.0,0.746,0.673125,0.2539999485015869,0.3268750309944153
24.0,0.749,0.664375,0.25099998712539673,0.3356249928474426
25.0,0.751,0.665625,0.2489999532699585,0.3343750238418579
26.0,0.752,0.666875,0.24799996614456177,0.3331249952316284
27.0,0.751,0.66875,0.2489999532699585,0.33125001192092896
28.0,0.754,0.673125,0.2459999918937683,0.3268750309944153
29.0,0.756,0.674375,0.24399995803833008,0.3256250023841858
30.0,0.759,0.6725,0.24099993705749512,0.32749998569488525
31.0,0.758,0.669375,0.24199998378753662,0.3306249976158142
32.0,0.761,0.66875,0.23899996280670166,0.33125001192092896
33.0,0.762,0.668125,0.23799997568130493,0.3318750262260437
34.0,0.768,0.675625,0.23199999332427979,0.3243750333786011
35.0,0.77,0.675625,0.22999995946884155,0.3243750333786011
36.0,0.77,0.673125,0.22999995946884155,0.3268750309944153
37.0,0.771,0.675625,0.22899997234344482,0.3243750333786011
38.0,0.774,0.679375,0.22599995136260986,0.3206250071525574
39.0,0.779,0.690625,0.22099995613098145,0.30937498807907104
40.0,0.78,0.69125,0.21999996900558472,0.3087500333786011
41.0,0.781,0.691875,0.218999981880188,0.30812501907348633
42.0,0.78,0.690625,0.21999996900558472,0.30937498807907104
43.0,0.78,0.6875,0.21999996900558472,0.3125
44.0,0.781,0.690625,0.218999981880188,0.30937498807907104
45.0,0.782,0.69375,0.21799993515014648,0.30625003576278687
46.0,0.787,0.695,0.21299993991851807,0.3050000071525574
47.0,0.788,0.694375,0.21199995279312134,0.3056250214576721
48.0,0.795,0.705,0.20499998331069946,0.29500001668930054
49.0,0.796,0.704375,0.20399993658065796,0.2956250309944153
50.0,0.795,0.7025,0.20499998331069946,0.29750001430511475
51.0,0.8,0.705,0.19999998807907104,0.29500001668930054
52.0,0.799,0.7075,0.20099997520446777,0.29250001907348633
53.0,0.798,0.70625,0.2019999623298645,0.29374998807907104
54.0,0.799,0.70375,0.20099997520446777,0.29625004529953003
55.0,0.798,0.704375,0.2019999623298645,0.2956250309944153
56.0,0.799,0.703125,0.20099997520446777,0.296875
57.0,0.803,0.70375,0.19699996709823608,0.29625004529953003
58.0,0.802,0.70375,0.1979999542236328,0.29625004529953003
59.0,0.807,0.705,0.1929999589920044,0.29500001668930054
60.0,0.806,0.703125,0.19399994611740112,0.296875
61.0,0.807,0.70625,0.1929999589920044,0.29374998807907104
62.0,0.809,0.713125,0.19099998474121094,0.28687500953674316
63.0,0.81,0.715625,0.18999993801116943,0.28437501192092896
64.0,0.81,0.714375,0.18999993801116943,0.28562504053115845
65.0,0.812,0.715625,0.18799996376037598,0.28437501192092896
66.0,0.811,0.714375,0.1889999508857727,0.28562504053115845
67.0,0.811,0.718125,0.1889999508857727,0.28187501430511475
68.0,0.811,0.72125,0.1889999508857727,0.2787500023841858
69.0,0.815,0.72125,0.18499994277954102,0.2787500023841858
70.0,0.816,0.7225,0.1839999556541443,0.2775000333786011
71.0,0.816,0.723125,0.1839999556541443,0.27687501907348633
72.0,0.815,0.721875,0.18499994277954102,0.27812498807907104
73.0,0.812,0.718125,0.18799996376037598,0.28187501430511475
74.0,0.81,0.71875,0.18999993801116943,0.28125
75.0,0.812,0.719375,0.18799996376037598,0.28062504529953003
76.0,0.817,0.71875,0.18299996852874756,0.28125
77.0,0.816,0.71625,0.1839999556541443,0.2837499976158142
78.0,0.815,0.714375,0.18499994277954102,0.28562504053115845
79.0,0.817,0.71125,0.18299996852874756,0.2887499928474426
80.0,0.817,0.71125,0.18299996852874756,0.2887499928474426
81.0,0.818,0.711875,0.18199998140335083,0.28812503814697266
82.0,0.818,0.714375,0.18199998140335083,0.28562504053115845
83.0,0.817,0.715625,0.18299996852874756,0.28437501192092896
84.0,0.82,0.7175,0.1799999475479126,0.2825000286102295
85.0,0.819,0.716875,0.18099993467330933,0.28312504291534424
86.0,0.819,0.7175,0.18099993467330933,0.2825000286102295
87.0,0.822,0.718125,0.17799997329711914,0.28187501430511475
88.0,0.823,0.718125,0.1769999861717224,0.28187501430511475
89.0,0.824,0.721875,0.1759999394416809,0.27812498807907104
90.0,0.825,0.718125,0.17499995231628418,0.28187501430511475
91.0,0.824,0.71875,0.1759999394416809,0.28125
92.0,0.825,0.715,0.17499995231628418,0.2850000262260437
93.0,0.824,0.713125,0.1759999394416809,0.28687500953674316
94.0,0.822,0.714375,0.17799997329711914,0.28562504053115845
95.0,0.823,0.71375,0.1769999861717224,0.2862499952316284
96.0,0.823,0.7175,0.1769999861717224,0.2825000286102295
97.0,0.824,0.716875,0.1759999394416809,0.28312504291534424
98.0,0.826,0.720625,0.17399996519088745,0.27937501668930054
99.0,0.823,0.71375,0.1769999861717224,0.2862499952316284
100.0,0.825,0.713125,0.17499995231628418,0.28687500953674316
101.0,0.826,0.711875,0.17399996519088745,0.28812503814697266
102.0,0.831,0.71,0.16899996995925903,0.2900000214576721
103.0,0.834,0.715,0.16599994897842407,0.2850000262260437
104.0,0.835,0.714375,0.16499996185302734,0.28562504053115845
105.0,0.835,0.7125,0.16499996185302734,0.2875000238418579
106.0,0.834,0.715625,0.16599994897842407,0.28437501192092896
107.0,0.834,0.714375,0.16599994897842407,0.28562504053115845
108.0,0.833,0.71125,0.1669999361038208,0.2887499928474426
109.0,0.832,0.71375,0.1679999828338623,0.2862499952316284
110.0,0.83,0.715625,0.16999995708465576,0.28437501192092896
111.0,0.831,0.715625,0.16899996995925903,0.28437501192092896
112.0,0.832,0.714375,0.1679999828338623,0.28562504053115845
113.0,0.83,0.71125,0.16999995708465576,0.2887499928474426
114.0,0.831,0.711875,0.16899996995925903,0.28812503814697266
115.0,0.829,0.70875,0.1709999442100525,0.29124999046325684
116.0,0.831,0.7125,0.16899996995925903,0.2875000238418579
117.0,0.83,0.710625,0.16999995708465576,0.2893750071525574
118.0,0.829,0.711875,0.1709999442100525,0.28812503814697266
119.0,0.833,0.705625,0.1669999361038208,0.2943750023841858
120.0,0.833,0.704375,0.1669999361038208,0.2956250309944153
121.0,0.834,0.70375,0.16599994897842407,0.29625004529953003
122.0,0.834,0.70125,0.16599994897842407,0.29875004291534424
123.0,0.836,0.700625,0.16399997472763062,0.2993749976158142
124.0,0.836,0.693125,0.16399997472763062,0.30687499046325684
125.0,0.84,0.691875,0.15999996662139893,0.30812501907348633
126.0,0.838,0.690625,0.16199994087219238,0.30937498807907104
127.0,0.838,0.691875,0.16199994087219238,0.30812501907348633
128.0,0.839,0.69,0.16099995374679565,0.3100000023841858
129.0,0.838,0.6925,0.16199994087219238,0.3075000047683716
130.0,0.836,0.69,0.16399997472763062,0.3100000023841858
131.0,0.838,0.69,0.16199994087219238,0.3100000023841858
132.0,0.843,0.69125,0.15699994564056396,0.3087500333786011
133.0,0.839,0.690625,0.16099995374679565,0.30937498807907104
134.0,0.844,0.691875,0.15599995851516724,0.30812501907348633
135.0,0.845,0.695,0.1549999713897705,0.3050000071525574
136.0,0.845,0.695,0.1549999713897705,0.3050000071525574
137.0,0.844,0.693125,0.15599995851516724,0.30687499046325684
138.0,0.847,0.6975,0.15299993753433228,0.30250000953674316
139.0,0.846,0.698125,0.15399998426437378,0.3018749952316284
140.0,0.848,0.696875,0.15199995040893555,0.3031250238418579
141.0,0.846,0.696875,0.15399998426437378,0.3031250238418579
142.0,0.844,0.69375,0.15599995851516724,0.30625003576278687
143.0,0.842,0.7025,0.1579999327659607,0.29750001430511475
144.0,0.84,0.701875,0.15999996662139893,0.2981250286102295
145.0,0.842,0.70375,0.1579999327659607,0.29625004529953003
146.0,0.845,0.69875,0.1549999713897705,0.30125004053115845
147.0,0.844,0.70125,0.15599995851516724,0.29875004291534424
148.0,0.844,0.699375,0.15599995851516724,0.3006250262260437
149.0,0.843,0.699375,0.15699994564056396,0.3006250262260437
150.0,0.845,0.69875,0.1549999713897705,0.30125004053115845
151.0,0.844,0.6975,0.15599995851516724,0.30250000953674316
152.0,0.842,0.69625,0.1579999327659607,0.30375003814697266
153.0,0.842,0.7,0.1579999327659607,0.30000001192092896
154.0,0.843,0.70125,0.15699994564056396,0.29875004291534424
155.0,0.844,0.705,0.15599995851516724,0.29500001668930054
156.0,0.843,0.704375,0.15699994564056396,0.2956250309944153
157.0,0.845,0.705625,0.1549999713897705,0.2943750023841858
158.0,0.844,0.705,0.15599995851516724,0.29500001668930054
159.0,0.844,0.70625,0.15599995851516724,0.29374998807907104
160.0,0.846,0.706875,0.15399998426437378,0.2931250333786011
161.0,0.844,0.71,0.15599995851516724,0.2900000214576721
162.0,0.845,0.70875,0.1549999713897705,0.29124999046325684
163.0,0.845,0.70875,0.1549999713897705,0.29124999046325684
164.0,0.849,0.710625,0.15099996328353882,0.2893750071525574
165.0,0.854,0.710625,0.1459999680519104,0.2893750071525574
166.0,0.853,0.709375,0.14699995517730713,0.29062503576278687
167.0,0.852,0.708125,0.14799994230270386,0.2918750047683716
168.0,0.85,0.70625,0.1499999761581421,0.29374998807907104
169.0,0.854,0.71,0.1459999680519104,0.2900000214576721
170.0,0.854,0.715,0.1459999680519104,0.2850000262260437
171.0,0.853,0.71125,0.14699995517730713,0.2887499928474426
172.0,0.855,0.71,0.14499998092651367,0.2900000214576721
173.0,0.856,0.7125,0.14399993419647217,0.2875000238418579
174.0,0.855,0.713125,0.14499998092651367,0.28687500953674316
175.0,0.856,0.711875,0.14399993419647217,0.28812503814697266
176.0,0.857,0.713125,0.14299994707107544,0.28687500953674316
177.0,0.856,0.711875,0.14399993419647217,0.28812503814697266
178.0,0.856,0.70875,0.14399993419647217,0.29124999046325684
179.0,0.857,0.70875,0.14299994707107544,0.29124999046325684
180.0,0.858,0.709375,0.1419999599456787,0.29062503576278687
181.0,0.858,0.706875,0.1419999599456787,0.2931250333786011
182.0,0.859,0.705625,0.14099997282028198,0.2943750023841858
183.0,0.859,0.70875,0.14099997282028198,0.29124999046325684
184.0,0.86,0.709375,0.13999998569488525,0.29062503576278687
185.0,0.861,0.710625,0.13899993896484375,0.2893750071525574
186.0,0.861,0.70875,0.13899993896484375,0.29124999046325684
187.0,0.862,0.709375,0.13799995183944702,0.29062503576278687
188.0,0.862,0.709375,0.13799995183944702,0.29062503576278687
189.0,0.862,0.708125,0.13799995183944702,0.2918750047683716
190.0,0.862,0.706875,0.13799995183944702,0.2931250333786011
191.0,0.86,0.706875,0.13999998569488525,0.2931250333786011
192.0,0.859,0.70625,0.14099997282028198,0.29374998807907104
193.0,0.859,0.70625,0.14099997282028198,0.29374998807907104
194.0,0.858,0.703125,0.1419999599456787,0.296875
195.0,0.857,0.700625,0.14299994707107544,0.2993749976158142
196.0,0.855,0.70375,0.14499998092651367,0.29625004529953003
197.0,0.858,0.704375,0.1419999599456787,0.2956250309944153
198.0,0.857,0.705,0.14299994707107544,0.29500001668930054
199.0,0.857,0.70125,0.14299994707107544,0.29875004291534424
200.0,0.857,0.703125,0.14299994707107544,0.296875
201.0,0.857,0.7025,0.14299994707107544,0.29750001430511475
202.0,0.857,0.7025,0.14299994707107544,0.29750001430511475
203.0,0.86,0.7075,0.13999998569488525,0.29250001907348633
204.0,0.861,0.70625,0.13899993896484375,0.29374998807907104
205.0,0.861,0.708125,0.13899993896484375,0.2918750047683716
206.0,0.863,0.714375,0.1369999647140503,0.28562504053115845
207.0,0.863,0.714375,0.1369999647140503,0.28562504053115845
208.0,0.86,0.71625,0.13999998569488525,0.2837499976158142
209.0,0.863,0.716875,0.1369999647140503,0.28312504291534424
210.0,0.864,0.716875,0.13599997758865356,0.28312504291534424
211.0,0.859,0.7175,0.14099997282028198,0.2825000286102295
212.0,0.859,0.7175,0.14099997282028198,0.2825000286102295
213.0,0.857,0.718125,0.14299994707107544,0.28187501430511475
214.0,0.858,0.71375,0.1419999599456787,0.2862499952316284
215.0,0.859,0.716875,0.14099997282028198,0.28312504291534424
216.0,0.858,0.716875,0.1419999599456787,0.28312504291534424
217.0,0.86,0.71375,0.13999998569488525,0.2862499952316284
218.0,0.86,0.71375,0.13999998569488525,0.2862499952316284
219.0,0.859,0.713125,0.14099997282028198,0.28687500953674316
220.0,0.859,0.711875,0.14099997282028198,0.28812503814697266
221.0,0.858,0.715,0.1419999599456787,0.2850000262260437
222.0,0.861,0.715625,0.13899993896484375,0.28437501192092896
223.0,0.861,0.714375,0.13899993896484375,0.28562504053115845
224.0,0.861,0.714375,0.13899993896484375,0.28562504053115845
225.0,0.861,0.715,0.13899993896484375,0.2850000262260437
226.0,0.861,0.714375,0.13899993896484375,0.28562504053115845
227.0,0.862,0.715,0.13799995183944702,0.2850000262260437
228.0,0.86,0.71625,0.13999998569488525,0.2837499976158142
229.0,0.86,0.720625,0.13999998569488525,0.27937501668930054
230.0,0.862,0.723125,0.13799995183944702,0.27687501907348633
231.0,0.861,0.723125,0.13899993896484375,0.27687501907348633
232.0,0.859,0.72375,0.14099997282028198,0.2762500047683716
233.0,0.862,0.72,0.13799995183944702,0.2800000309944153
234.0,0.862,0.71875,0.13799995183944702,0.28125
235.0,0.86,0.720625,0.13999998569488525,0.27937501668930054
236.0,0.857,0.7175,0.14299994707107544,0.2825000286102295
237.0,0.859,0.7175,0.14099997282028198,0.2825000286102295
238.0,0.859,0.7175,0.14099997282028198,0.2825000286102295
239.0,0.86,0.7175,0.13999998569488525,0.2825000286102295
240.0,0.861,0.7175,0.13899993896484375,0.2825000286102295
241.0,0.861,0.71875,0.13899993896484375,0.28125
242.0,0.861,0.72125,0.13899993896484375,0.2787500023841858
243.0,0.861,0.72125,0.13899993896484375,0.2787500023841858
244.0,0.861,0.720625,0.13899993896484375,0.27937501668930054
245.0,0.862,0.71875,0.13799995183944702,0.28125
246.0,0.858,0.716875,0.1419999599456787,0.28312504291534424
247.0,0.859,0.715625,0.14099997282028198,0.28437501192092896
248.0,0.859,0.713125,0.14099997282028198,0.28687500953674316
249.0,0.862,0.715,0.13799995183944702,0.2850000262260437
250.0,0.86,0.7175,0.13999998569488525,0.2825000286102295
251.0,0.86,0.7175,0.13999998569488525,0.2825000286102295
252.0,0.86,0.719375,0.13999998569488525,0.28062504529953003
253.0,0.863,0.71625,0.1369999647140503,0.2837499976158142
254.0,0.863,0.71875,0.1369999647140503,0.28125
255.0,0.861,0.7175,0.13899993896484375,0.2825000286102295
256.0,0.857,0.720625,0.14299994707107544,0.27937501668930054
257.0,0.859,0.72125,0.14099997282028198,0.2787500023841858
258.0,0.856,0.724375,0.14399993419647217,0.27562499046325684
259.0,0.858,0.725,0.1419999599456787,0.27500003576278687
260.0,0.856,0.723125,0.14399993419647217,0.27687501907348633
261.0,0.857,0.720625,0.14299994707107544,0.27937501668930054
262.0,0.86,0.723125,0.13999998569488525,0.27687501907348633
263.0,0.865,0.724375,0.13499993085861206,0.27562499046325684
264.0,0.867,0.724375,0.1329999566078186,0.27562499046325684
265.0,0.867,0.723125,0.1329999566078186,0.27687501907348633
266.0,0.869,0.723125,0.13099998235702515,0.27687501907348633
267.0,0.867,0.725,0.1329999566078186,0.27500003576278687
268.0,0.868,0.725,0.13199996948242188,0.27500003576278687
269.0,0.868,0.725,0.13199996948242188,0.27500003576278687
270.0,0.868,0.728125,0.13199996948242188,0.2718750238418579
271.0,0.868,0.725,0.13199996948242188,0.27500003576278687
272.0,0.869,0.73,0.13099998235702515,0.27000004053115845
273.0,0.868,0.73,0.13199996948242188,0.27000004053115845
274.0,0.866,0.724375,0.13399994373321533,0.27562499046325684
275.0,0.867,0.72375,0.1329999566078186,0.2762500047683716
276.0,0.87,0.725625,0.12999993562698364,0.2743750214576721
277.0,0.87,0.720625,0.12999993562698364,0.27937501668930054
278.0,0.87,0.72125,0.12999993562698364,0.2787500023841858
279.0,0.871,0.71875,0.12899994850158691,0.28125
280.0,0.871,0.719375,0.12899994850158691,0.28062504529953003
281.0,0.872,0.72,0.12799996137619019,0.2800000309944153
282.0,0.872,0.72,0.12799996137619019,0.2800000309944153
283.0,0.87,0.71875,0.12999993562698364,0.28125
284.0,0.87,0.71875,0.12999993562698364,0.28125
285.0,0.871,0.721875,0.12899994850158691,0.27812498807907104
286.0,0.871,0.721875,0.12899994850158691,0.27812498807907104
287.0,0.869,0.72125,0.13099998235702515,0.2787500023841858
288.0,0.869,0.721875,0.13099998235702515,0.27812498807907104
289.0,0.869,0.72,0.13099998235702515,0.2800000309944153
290.0,0.87,0.715625,0.12999993562698364,0.28437501192092896
291.0,0.871,0.71625,0.12899994850158691,0.2837499976158142
292.0,0.869,0.72375,0.13099998235702515,0.2762500047683716
293.0,0.87,0.72625,0.12999993562698364,0.2737500071525574
294.0,0.871,0.72625,0.12899994850158691,0.2737500071525574
295.0,0.871,0.726875,0.12899994850158691,0.2731249928474426
296.0,0.874,0.725625,0.12599998712539673,0.2743750214576721
297.0,0.874,0.721875,0.12599998712539673,0.27812498807907104
298.0,0.875,0.72125,0.12499994039535522,0.2787500023841858
299.0,0.872,0.72125,0.12799996137619019,0.2787500023841858
300.0,0.873,0.72125,0.12699997425079346,0.2787500023841858
301.0,0.872,0.720625,0.12799996137619019,0.27937501668930054
302.0,0.873,0.72125,0.12699997425079346,0.2787500023841858
303.0,0.872,0.72125,0.12799996137619019,0.2787500023841858
304.0,0.872,0.721875,0.12799996137619019,0.27812498807907104
305.0,0.871,0.721875,0.12899994850158691,0.27812498807907104
306.0,0.869,0.723125,0.13099998235702515,0.27687501907348633
307.0,0.867,0.7225,0.1329999566078186,0.2775000333786011
308.0,0.869,0.72125,0.13099998235702515,0.2787500023841858
309.0,0.868,0.714375,0.13199996948242188,0.28562504053115845
310.0,0.866,0.710625,0.13399994373321533,0.2893750071525574
311.0,0.869,0.711875,0.13099998235702515,0.28812503814697266
312.0,0.87,0.714375,0.12999993562698364,0.28562504053115845
313.0,0.87,0.71375,0.12999993562698364,0.2862499952316284
314.0,0.871,0.7125,0.12899994850158691,0.2875000238418579
315.0,0.87,0.71125,0.12999993562698364,0.2887499928474426
316.0,0.871,0.714375,0.12899994850158691,0.28562504053115845
317.0,0.872,0.715,0.12799996137619019,0.2850000262260437
318.0,0.869,0.715,0.13099998235702515,0.2850000262260437
319.0,0.87,0.720625,0.12999993562698364,0.27937501668930054
320.0,0.872,0.7225,0.12799996137619019,0.2775000333786011
321.0,0.873,0.7225,0.12699997425079346,0.2775000333786011
322.0,0.872,0.721875,0.12799996137619019,0.27812498807907104
323.0,0.873,0.72,0.12699997425079346,0.2800000309944153
324.0,0.874,0.720625,0.12599998712539673,0.27937501668930054
325.0,0.875,0.72125,0.12499994039535522,0.2787500023841858
326.0,0.876,0.720625,0.1239999532699585,0.27937501668930054
327.0,0.876,0.72,0.1239999532699585,0.2800000309944153
328.0,0.876,0.7225,0.1239999532699585,0.2775000333786011
329.0,0.876,0.725,0.1239999532699585,0.27500003576278687
330.0,0.875,0.725,0.12499994039535522,0.27500003576278687
331.0,0.876,0.730625,0.1239999532699585,0.2693750262260437
332.0,0.874,0.734375,0.12599998712539673,0.265625
333.0,0.875,0.735,0.12499994039535522,0.26500004529953003
334.0,0.874,0.73375,0.12599998712539673,0.26625001430511475
335.0,0.877,0.735625,0.12299996614456177,0.2643750309944153
336.0,0.876,0.73625,0.1239999532699585,0.26375001668930054
337.0,0.877,0.73375,0.12299996614456177,0.26625001430511475
338.0,0.878,0.735,0.12199997901916504,0.26500004529953003
339.0,0.876,0.73625,0.1239999532699585,0.26375001668930054
340.0,0.879,0.73875,0.12099993228912354,0.26125001907348633
341.0,0.879,0.73625,0.12099993228912354,0.26375001668930054
342.0,0.876,0.738125,0.1239999532699585,0.2618750333786011
343.0,0.875,0.738125,0.12499994039535522,0.2618750333786011
344.0,0.875,0.736875,0.12499994039535522,0.2631250023841858
345.0,0.877,0.7325,0.12299996614456177,0.26750004291534424
346.0,0.874,0.733125,0.12599998712539673,0.2668750286102295
347.0,0.873,0.731875,0.12699997425079346,0.2681249976158142
348.0,0.873,0.731875,0.12699997425079346,0.2681249976158142
349.0,0.873,0.730625,0.12699997425079346,0.2693750262260437
350.0,0.875,0.73125,0.12499994039535522,0.26875001192092896
351.0,0.876,0.7325,0.1239999532699585,0.26750004291534424
352.0,0.877,0.734375,0.12299996614456177,0.265625
353.0,0.878,0.73125,0.12199997901916504,0.26875001192092896
354.0,0.876,0.73,0.1239999532699585,0.27000004053115845
355.0,0.877,0.731875,0.12299996614456177,0.2681249976158142
356.0,0.881,0.730625,0.11899995803833008,0.2693750262260437
357.0,0.88,0.730625,0.1199999451637268,0.2693750262260437
358.0,0.878,0.73,0.12199997901916504,0.27000004053115845
359.0,0.877,0.730625,0.12299996614456177,0.2693750262260437
360.0,0.877,0.73,0.12299996614456177,0.27000004053115845
361.0,0.879,0.73125,0.12099993228912354,0.26875001192092896
362.0,0.879,0.730625,0.12099993228912354,0.2693750262260437
363.0,0.879,0.73125,0.12099993228912354,0.26875001192092896
364.0,0.879,0.73125,0.12099993228912354,0.26875001192092896
365.0,0.88,0.73125,0.1199999451637268,0.26875001192092896
366.0,0.879,0.73375,0.12099993228912354,0.26625001430511475
367.0,0.88,0.733125,0.1199999451637268,0.2668750286102295
368.0,0.883,0.73,0.11699998378753662,0.27000004053115845
369.0,0.884,0.731875,0.11599993705749512,0.2681249976158142
370.0,0.884,0.7325,0.11599993705749512,0.26750004291534424
371.0,0.884,0.733125,0.11599993705749512,0.2668750286102295
372.0,0.883,0.733125,0.11699998378753662,0.2668750286102295
373.0,0.883,0.7325,0.11699998378753662,0.26750004291534424
374.0,0.882,0.73375,0.11799997091293335,0.26625001430511475
375.0,0.882,0.73625,0.11799997091293335,0.26375001668930054
376.0,0.882,0.73375,0.11799997091293335,0.26625001430511475
377.0,0.882,0.73375,0.11799997091293335,0.26625001430511475
378.0,0.882,0.735625,0.11799997091293335,0.2643750309944153
379.0,0.882,0.735625,0.11799997091293335,0.2643750309944153
380.0,0.882,0.73625,0.11799997091293335,0.26375001668930054
381.0,0.883,0.738125,0.11699998378753662,0.2618750333786011
382.0,0.885,0.739375,0.11499994993209839,0.2606250047683716
383.0,0.886,0.73875,0.11399996280670166,0.26125001907348633
384.0,0.885,0.73875,0.11499994993209839,0.26125001907348633
385.0,0.885,0.74,0.11499994993209839,0.25999999046325684
386.0,0.883,0.74,0.11699998378753662,0.25999999046325684
387.0,0.882,0.74,0.11799997091293335,0.25999999046325684
388.0,0.881,0.738125,0.11899995803833008,0.2618750333786011
389.0,0.879,0.741875,0.12099993228912354,0.2581250071525574
390.0,0.88,0.7375,0.1199999451637268,0.26249998807907104
391.0,0.877,0.734375,0.12299996614456177,0.265625
392.0,0.878,0.734375,0.12199997901916504,0.265625
393.0,0.878,0.736875,0.12199997901916504,0.2631250023841858
394.0,0.878,0.736875,0.12199997901916504,0.2631250023841858
395.0,0.877,0.7375,0.12299996614456177,0.26249998807907104
396.0,0.878,0.734375,0.12199997901916504,0.265625
397.0,0.88,0.73625,0.1199999451637268,0.26375001668930054
398.0,0.88,0.73625,0.1199999451637268,0.26375001668930054
399.0,0.884,0.735,0.11599993705749512,0.26500004529953003
400.0,0.886,0.738125,0.11399996280670166,0.2618750333786011
401.0,0.885,0.7375,0.11499994993209839,0.26249998807907104
402.0,0.884,0.73625,0.11599993705749512,0.26375001668930054
403.0,0.885,0.735625,0.11499994993209839,0.2643750309944153
404.0,0.885,0.735625,0.11499994993209839,0.2643750309944153
405.0,0.886,0.738125,0.11399996280670166,0.2618750333786011
406.0,0.889,0.7375,0.1109999418258667,0.26249998807907104
407.0,0.887,0.7375,0.11299997568130493,0.26249998807907104
408.0,0.888,0.734375,0.11199992895126343,0.265625
409.0,0.888,0.73375,0.11199992895126343,0.26625001430511475
410.0,0.89,0.734375,0.10999995470046997,0.265625
411.0,0.891,0.731875,0.10899996757507324,0.2681249976158142
412.0,0.891,0.73125,0.10899996757507324,0.26875001192092896
413.0,0.89,0.735625,0.10999995470046997,0.2643750309944153
414.0,0.888,0.735,0.11199992895126343,0.26500004529953003
415.0,0.885,0.735625,0.11499994993209839,0.2643750309944153
416.0,0.885,0.735625,0.11499994993209839,0.2643750309944153
417.0,0.885,0.73625,0.11499994993209839,0.26375001668930054
418.0,0.885,0.7375,0.11499994993209839,0.26249998807907104
419.0,0.884,0.739375,0.11599993705749512,0.2606250047683716
420.0,0.884,0.739375,0.11599993705749512,0.2606250047683716
421.0,0.886,0.739375,0.11399996280670166,0.2606250047683716
422.0,0.886,0.7375,0.11399996280670166,0.26249998807907104
423.0,0.886,0.73875,0.11399996280670166,0.26125001907348633
424.0,0.888,0.73625,0.11199992895126343,0.26375001668930054
425.0,0.888,0.73625,0.11199992895126343,0.26375001668930054
426.0,0.888,0.73625,0.11199992895126343,0.26375001668930054
427.0,0.887,0.736875,0.11299997568130493,0.2631250023841858
428.0,0.888,0.7375,0.11199992895126343,0.26249998807907104
429.0,0.882,0.74,0.11799997091293335,0.25999999046325684
430.0,0.886,0.7375,0.11399996280670166,0.26249998807907104
431.0,0.889,0.74,0.1109999418258667,0.25999999046325684
432.0,0.89,0.74,0.10999995470046997,0.25999999046325684
433.0,0.889,0.73875,0.1109999418258667,0.26125001907348633
434.0,0.888,0.73875,0.11199992895126343,0.26125001907348633
435.0,0.888,0.73875,0.11199992895126343,0.26125001907348633
436.0,0.887,0.74,0.11299997568130493,0.25999999046325684
437.0,0.888,0.74625,0.11199992895126343,0.2537500262260437
438.0,0.888,0.74625,0.11199992895126343,0.2537500262260437
439.0,0.888,0.74375,0.11199992895126343,0.2562500238418579
440.0,0.888,0.741875,0.11199992895126343,0.2581250071525574
441.0,0.888,0.741875,0.11199992895126343,0.2581250071525574
442.0,0.889,0.740625,0.1109999418258667,0.25937503576278687
443.0,0.888,0.74125,0.11199992895126343,0.2587500214576721
444.0,0.89,0.743125,0.10999995470046997,0.25687503814697266
445.0,0.891,0.744375,0.10899996757507324,0.25562500953674316
446.0,0.894,0.74625,0.10599994659423828,0.2537500262260437
447.0,0.893,0.74625,0.10699993371963501,0.2537500262260437
448.0,0.893,0.746875,0.10699993371963501,0.25312501192092896
449.0,0.893,0.748125,0.10699993371963501,0.25187504291534424
450.0,0.894,0.749375,0.10599994659423828,0.25062501430511475
451.0,0.892,0.749375,0.10799998044967651,0.25062501430511475
452.0,0.892,0.749375,0.10799998044967651,0.25062501430511475
453.0,0.889,0.745625,0.1109999418258667,0.25437504053115845
454.0,0.888,0.74625,0.11199992895126343,0.2537500262260437
455.0,0.888,0.74625,0.11199992895126343,0.2537500262260437
456.0,0.89,0.74625,0.10999995470046997,0.2537500262260437
457.0,0.891,0.7475,0.10899996757507324,0.2524999976158142
458.0,0.892,0.746875,0.10799998044967651,0.25312501192092896
459.0,0.89,0.748125,0.10999995470046997,0.25187504291534424
460.0,0.887,0.748125,0.11299997568130493,0.25187504291534424
461.0,0.887,0.748125,0.11299997568130493,0.25187504291534424
462.0,0.887,0.7475,0.11299997568130493,0.2524999976158142
463.0,0.886,0.7475,0.11399996280670166,0.2524999976158142
464.0,0.886,0.748125,0.11399996280670166,0.25187504291534424
465.0,0.887,0.748125,0.11299997568130493,0.25187504291534424
466.0,0.887,0.743125,0.11299997568130493,0.25687503814697266
467.0,0.885,0.7425,0.11499994993209839,0.2574999928474426
468.0,0.884,0.74125,0.11599993705749512,0.2587500214576721
469.0,0.882,0.740625,0.11799997091293335,0.25937503576278687
470.0,0.884,0.741875,0.11599993705749512,0.2581250071525574
471.0,0.885,0.744375,0.11499994993209839,0.25562500953674316
472.0,0.885,0.744375,0.11499994993209839,0.25562500953674316
473.0,0.884,0.743125,0.11599993705749512,0.25687503814697266
474.0,0.884,0.743125,0.11599993705749512,0.25687503814697266
475.0,0.884,0.745,0.11599993705749512,0.2549999952316284
476.0,0.884,0.745,0.11599993705749512,0.2549999952316284
477.0,0.885,0.745625,0.11499994993209839,0.25437504053115845
478.0,0.886,0.745625,0.11399996280670166,0.25437504053115845
479.0,0.888,0.745,0.11199992895126343,0.2549999952316284
480.0,0.89,0.745625,0.10999995470046997,0.25437504053115845
481.0,0.89,0.745625,0.10999995470046997,0.25437504053115845
482.0,0.89,0.745625,0.10999995470046997,0.25437504053115845
483.0,0.89,0.741875,0.10999995470046997,0.2581250071525574
484.0,0.89,0.743125,0.10999995470046997,0.25687503814697266
485.0,0.891,0.741875,0.10899996757507324,0.2581250071525574
486.0,0.892,0.740625,0.10799998044967651,0.25937503576278687
487.0,0.892,0.74125,0.10799998044967651,0.2587500214576721
488.0,0.894,0.745,0.10599994659423828,0.2549999952316284
489.0,0.892,0.746875,0.10799998044967651,0.25312501192092896
490.0,0.893,0.74875,0.10699993371963501,0.2512500286102295
491.0,0.894,0.74875,0.10599994659423828,0.2512500286102295
492.0,0.897,0.749375,0.1029999852180481,0.25062501430511475
493.0,0.895,0.750625,0.10499995946884155,0.24937504529953003
494.0,0.897,0.749375,0.1029999852180481,0.25062501430511475
495.0,0.897,0.749375,0.1029999852180481,0.25062501430511475
496.0,0.899,0.75125,0.10099995136260986,0.24875003099441528
497.0,0.899,0.75125,0.10099995136260986,0.24875003099441528
498.0,0.9,0.750625,0.09999996423721313,0.24937504529953003
499.0,0.901,0.750625,0.0989999771118164,0.24937504529953003
500.0,0.905,0.753125,0.09499996900558472,0.24687498807907104
501.0,0.905,0.75375,0.09499996900558472,0.24625003337860107
502.0,0.905,0.75375,0.09499996900558472,0.24625003337860107
503.0,0.905,0.75,0.09499996900558472,0.25
504.0,0.904,0.749375,0.09599995613098145,0.25062501430511475
505.0,0.905,0.7475,0.09499996900558472,0.2524999976158142
506.0,0.905,0.7475,0.09499996900558472,0.2524999976158142
507.0,0.905,0.7475,0.09499996900558472,0.2524999976158142
508.0,0.905,0.746875,0.09499996900558472,0.25312501192092896
509.0,0.905,0.746875,0.09499996900558472,0.25312501192092896
510.0,0.905,0.749375,0.09499996900558472,0.25062501430511475
511.0,0.903,0.75,0.09699994325637817,0.25
512.0,0.903,0.75,0.09699994325637817,0.25
513.0,0.902,0.75,0.0979999303817749,0.25
514.0,0.902,0.75,0.0979999303817749,0.25
515.0,0.902,0.75,0.0979999303817749,0.25
516.0,0.899,0.74875,0.10099995136260986,0.2512500286102295
517.0,0.899,0.74875,0.10099995136260986,0.2512500286102295
518.0,0.899,0.74875,0.10099995136260986,0.2512500286102295
519.0,0.899,0.74875,0.10099995136260986,0.2512500286102295
520.0,0.9,0.749375,0.09999996423721313,0.25062501430511475
521.0,0.899,0.746875,0.10099995136260986,0.25312501192092896
522.0,0.898,0.745,0.10199993848800659,0.2549999952316284
523.0,0.899,0.744375,0.10099995136260986,0.25562500953674316
524.0,0.896,0.741875,0.10399997234344482,0.2581250071525574
525.0,0.897,0.7425,0.1029999852180481,0.2574999928474426
526.0,0.898,0.74,0.10199993848800659,0.25999999046325684
527.0,0.899,0.74125,0.10099995136260986,0.2587500214576721
528.0,0.899,0.74125,0.10099995136260986,0.2587500214576721
529.0,0.898,0.74125,0.10199993848800659,0.2587500214576721
530.0,0.897,0.740625,0.1029999852180481,0.25937503576278687
531.0,0.881,0.74,0.11899995803833008,0.25999999046325684
532.0,0.893,0.73625,0.10699993371963501,0.26375001668930054
533.0,0.893,0.7375,0.10699993371963501,0.26249998807907104
534.0,0.893,0.738125,0.10699993371963501,0.2618750333786011
535.0,0.893,0.74125,0.10699993371963501,0.2587500214576721
536.0,0.893,0.741875,0.10699993371963501,0.2581250071525574
537.0,0.894,0.740625,0.10599994659423828,0.25937503576278687
538.0,0.895,0.739375,0.10499995946884155,0.2606250047683716
539.0,0.896,0.739375,0.10399997234344482,0.2606250047683716
540.0,0.896,0.743125,0.10399997234344482,0.25687503814697266
541.0,0.896,0.741875,0.10399997234344482,0.2581250071525574
542.0,0.896,0.741875,0.10399997234344482,0.2581250071525574
543.0,0.896,0.743125,0.10399997234344482,0.25687503814697266
544.0,0.897,0.744375,0.1029999852180481,0.25562500953674316
545.0,0.896,0.74375,0.10399997234344482,0.2562500238418579
546.0,0.893,0.7425,0.10699993371963501,0.2574999928474426
547.0,0.892,0.74125,0.10799998044967651,0.2587500214576721
548.0,0.892,0.74375,0.10799998044967651,0.2562500238418579
549.0,0.889,0.74625,0.1109999418258667,0.2537500262260437
550.0,0.89,0.7475,0.10999995470046997,0.2524999976158142
551.0,0.877,0.74625,0.12299996614456177,0.2537500262260437
552.0,0.892,0.745,0.10799998044967651,0.2549999952316284
553.0,0.89,0.74375,0.10999995470046997,0.2562500238418579
554.0,0.893,0.74375,0.10699993371963501,0.2562500238418579
555.0,0.896,0.74625,0.10399997234344482,0.2537500262260437
556.0,0.896,0.744375,0.10399997234344482,0.25562500953674316
557.0,0.897,0.74375,0.1029999852180481,0.2562500238418579
558.0,0.898,0.743125,0.10199993848800659,0.25687503814697266
559.0,0.898,0.743125,0.10199993848800659,0.25687503814697266
560.0,0.9,0.74125,0.09999996423721313,0.2587500214576721
561.0,0.9,0.739375,0.09999996423721313,0.2606250047683716
562.0,0.9,0.743125,0.09999996423721313,0.25687503814697266
563.0,0.9,0.743125,0.09999996423721313,0.25687503814697266
564.0,0.901,0.7475,0.0989999771118164,0.2524999976158142
565.0,0.901,0.7475,0.0989999771118164,0.2524999976158142
566.0,0.901,0.7475,0.0989999771118164,0.2524999976158142
567.0,0.902,0.74875,0.0979999303817749,0.2512500286102295
568.0,0.903,0.746875,0.09699994325637817,0.25312501192092896
569.0,0.902,0.75,0.0979999303817749,0.25
570.0,0.902,0.75,0.0979999303817749,0.25
571.0,0.902,0.750625,0.0979999303817749,0.24937504529953003
572.0,0.902,0.751875,0.0979999303817749,0.24812501668930054
573.0,0.903,0.751875,0.09699994325637817,0.24812501668930054
574.0,0.902,0.7525,0.0979999303817749,0.2475000023841858
575.0,0.902,0.753125,0.0979999303817749,0.24687498807907104
576.0,0.903,0.754375,0.09699994325637817,0.24562501907348633
577.0,0.903,0.754375,0.09699994325637817,0.24562501907348633
578.0,0.9,0.75375,0.09999996423721313,0.24625003337860107
579.0,0.901,0.754375,0.0989999771118164,0.24562501907348633
580.0,0.902,0.75375,0.0979999303817749,0.24625003337860107
581.0,0.903,0.755625,0.09699994325637817,0.24437499046325684
582.0,0.904,0.755,0.09599995613098145,0.24500000476837158
583.0,0.904,0.754375,0.09599995613098145,0.24562501907348633
584.0,0.904,0.754375,0.09599995613098145,0.24562501907348633
585.0,0.906,0.755,0.09399998188018799,0.24500000476837158
586.0,0.903,0.754375,0.09699994325637817,0.24562501907348633
587.0,0.903,0.753125,0.09699994325637817,0.24687498807907104
588.0,0.903,0.753125,0.09699994325637817,0.24687498807907104
589.0,0.901,0.751875,0.0989999771118164,0.24812501668930054
590.0,0.902,0.74875,0.0979999303817749,0.2512500286102295
591.0,0.904,0.746875,0.09599995613098145,0.25312501192092896
592.0,0.904,0.74875,0.09599995613098145,0.2512500286102295
593.0,0.905,0.753125,0.09499996900558472,0.24687498807907104
594.0,0.905,0.75125,0.09499996900558472,0.24875003099441528
595.0,0.904,0.75125,0.09599995613098145,0.24875003099441528
596.0,0.907,0.75125,0.09299993515014648,0.24875003099441528
597.0,0.907,0.75125,0.09299993515014648,0.24875003099441528
598.0,0.908,0.749375,0.09199994802474976,0.25062501430511475
599.0,0.908,0.7475,0.09199994802474976,0.2524999976158142
600.0,0.908,0.75,0.09199994802474976,0.25
601.0,0.909,0.7525,0.09099996089935303,0.2475000023841858
602.0,0.908,0.751875,0.09199994802474976,0.24812501668930054
603.0,0.908,0.7525,0.09199994802474976,0.2475000023841858
604.0,0.908,0.7525,0.09199994802474976,0.2475000023841858
605.0,0.908,0.751875,0.09199994802474976,0.24812501668930054
606.0,0.909,0.755,0.09099996089935303,0.24500000476837158
607.0,0.91,0.755,0.0899999737739563,0.24500000476837158
608.0,0.909,0.75375,0.09099996089935303,0.24625003337860107
609.0,0.909,0.75,0.09099996089935303,0.25
610.0,0.909,0.749375,0.09099996089935303,0.25062501430511475
611.0,0.909,0.746875,0.09099996089935303,0.25312501192092896
612.0,0.908,0.74625,0.09199994802474976,0.2537500262260437
613.0,0.908,0.74375,0.09199994802474976,0.2562500238418579
614.0,0.91,0.744375,0.0899999737739563,0.25562500953674316
615.0,0.909,0.74375,0.09099996089935303,0.2562500238418579
616.0,0.909,0.743125,0.09099996089935303,0.25687503814697266
617.0,0.909,0.74375,0.09099996089935303,0.2562500238418579
618.0,0.912,0.74625,0.08799993991851807,0.2537500262260437
619.0,0.915,0.74375,0.08499997854232788,0.2562500238418579
620.0,0.914,0.7425,0.08599996566772461,0.2574999928474426
621.0,0.914,0.7425,0.08599996566772461,0.2574999928474426
622.0,0.912,0.740625,0.08799993991851807,0.25937503576278687
623.0,0.912,0.744375,0.08799993991851807,0.25562500953674316
624.0,0.913,0.745,0.08699995279312134,0.2549999952316284
625.0,0.912,0.74375,0.08799993991851807,0.2562500238418579
626.0,0.908,0.741875,0.09199994802474976,0.2581250071525574
627.0,0.908,0.743125,0.09199994802474976,0.25687503814697266
628.0,0.906,0.743125,0.09399998188018799,0.25687503814697266
629.0,0.909,0.748125,0.09099996089935303,0.25187504291534424
630.0,0.909,0.748125,0.09099996089935303,0.25187504291534424
631.0,0.907,0.7475,0.09299993515014648,0.2524999976158142
632.0,0.907,0.748125,0.09299993515014648,0.25187504291534424
633.0,0.907,0.74875,0.09299993515014648,0.2512500286102295
634.0,0.908,0.74875,0.09199994802474976,0.2512500286102295
635.0,0.909,0.7475,0.09099996089935303,0.2524999976158142
636.0,0.91,0.745,0.0899999737739563,0.2549999952316284
637.0,0.911,0.745,0.0889999270439148,0.2549999952316284
638.0,0.91,0.74375,0.0899999737739563,0.2562500238418579
639.0,0.909,0.745625,0.09099996089935303,0.25437504053115845
640.0,0.908,0.74625,0.09199994802474976,0.2537500262260437
641.0,0.906,0.746875,0.09399998188018799,0.25312501192092896
642.0,0.906,0.74625,0.09399998188018799,0.2537500262260437
643.0,0.909,0.746875,0.09099996089935303,0.25312501192092896
644.0,0.91,0.746875,0.0899999737739563,0.25312501192092896
645.0,0.911,0.745,0.0889999270439148,0.2549999952316284
646.0,0.911,0.745625,0.0889999270439148,0.25437504053115845
647.0,0.912,0.745625,0.08799993991851807,0.25437504053115845
648.0,0.912,0.745625,0.08799993991851807,0.25437504053115845
649.0,0.912,0.745625,0.08799993991851807,0.25437504053115845
650.0,0.909,0.749375,0.09099996089935303,0.25062501430511475
651.0,0.913,0.7425,0.08699995279312134,0.2574999928474426
652.0,0.911,0.741875,0.0889999270439148,0.2581250071525574
653.0,0.912,0.743125,0.08799993991851807,0.25687503814697266
654.0,0.911,0.74375,0.0889999270439148,0.2562500238418579
655.0,0.912,0.7425,0.08799993991851807,0.2574999928474426
656.0,0.914,0.7425,0.08599996566772461,0.2574999928474426
657.0,0.914,0.74125,0.08599996566772461,0.2587500214576721
658.0,0.915,0.743125,0.08499997854232788,0.25687503814697266
659.0,0.915,0.7475,0.08499997854232788,0.2524999976158142
660.0,0.914,0.746875,0.08599996566772461,0.25312501192092896
661.0,0.912,0.750625,0.08799993991851807,0.24937504529953003
662.0,0.912,0.750625,0.08799993991851807,0.24937504529953003
663.0,0.912,0.74875,0.08799993991851807,0.2512500286102295
664.0,0.911,0.749375,0.0889999270439148,0.25062501430511475
665.0,0.91,0.75125,0.0899999737739563,0.24875003099441528
666.0,0.908,0.7475,0.09199994802474976,0.2524999976158142
667.0,0.908,0.748125,0.09199994802474976,0.25187504291534424
668.0,0.908,0.74875,0.09199994802474976,0.2512500286102295
669.0,0.91,0.749375,0.0899999737739563,0.25062501430511475
670.0,0.909,0.754375,0.09099996089935303,0.24562501907348633
671.0,0.911,0.753125,0.0889999270439148,0.24687498807907104
672.0,0.912,0.75375,0.08799993991851807,0.24625003337860107
673.0,0.912,0.75375,0.08799993991851807,0.24625003337860107
674.0,0.913,0.75375,0.08699995279312134,0.24625003337860107
675.0,0.914,0.7525,0.08599996566772461,0.2475000023841858
676.0,0.915,0.75125,0.08499997854232788,0.24875003099441528
677.0,0.913,0.750625,0.08699995279312134,0.24937504529953003
678.0,0.912,0.749375,0.08799993991851807,0.25062501430511475
679.0,0.912,0.748125,0.08799993991851807,0.25187504291534424
680.0,0.912,0.74625,0.08799993991851807,0.2537500262260437
681.0,0.912,0.745625,0.08799993991851807,0.25437504053115845
682.0,0.915,0.7475,0.08499997854232788,0.2524999976158142
683.0,0.915,0.74375,0.08499997854232788,0.2562500238418579
684.0,0.915,0.74375,0.08499997854232788,0.2562500238418579
685.0,0.917,0.741875,0.08299994468688965,0.2581250071525574
686.0,0.919,0.741875,0.08099997043609619,0.2581250071525574
687.0,0.917,0.74,0.08299994468688965,0.25999999046325684
688.0,0.918,0.74125,0.08199995756149292,0.2587500214576721
689.0,0.918,0.740625,0.08199995756149292,0.25937503576278687
690.0,0.918,0.739375,0.08199995756149292,0.2606250047683716
691.0,0.918,0.73875,0.08199995756149292,0.26125001907348633
692.0,0.92,0.738125,0.07999998331069946,0.2618750333786011
693.0,0.915,0.736875,0.08499997854232788,0.2631250023841858
694.0,0.915,0.734375,0.08499997854232788,0.265625
695.0,0.915,0.731875,0.08499997854232788,0.2681249976158142
696.0,0.915,0.731875,0.08499997854232788,0.2681249976158142
697.0,0.917,0.73125,0.08299994468688965,0.26875001192092896
698.0,0.916,0.73125,0.08399993181228638,0.26875001192092896
699.0,0.917,0.73125,0.08299994468688965,0.26875001192092896
700.0,0.916,0.733125,0.08399993181228638,0.2668750286102295
701.0,0.916,0.733125,0.08399993181228638,0.2668750286102295
702.0,0.916,0.731875,0.08399993181228638,0.2681249976158142
703.0,0.915,0.73375,0.08499997854232788,0.26625001430511475
704.0,0.916,0.73625,0.08399993181228638,0.26375001668930054
705.0,0.916,0.735,0.08399993181228638,0.26500004529953003
706.0,0.912,0.736875,0.08799993991851807,0.2631250023841858
707.0,0.91,0.73875,0.0899999737739563,0.26125001907348633
708.0,0.911,0.73875,0.0889999270439148,0.26125001907348633
709.0,0.91,0.74125,0.0899999737739563,0.2587500214576721
710.0,0.91,0.74125,0.0899999737739563,0.2587500214576721
711.0,0.91,0.740625,0.0899999737739563,0.25937503576278687
712.0,0.912,0.74,0.08799993991851807,0.25999999046325684
713.0,0.912,0.74,0.08799993991851807,0.25999999046325684
714.0,0.912,0.73875,0.08799993991851807,0.26125001907348633
715.0,0.913,0.739375,0.08699995279312134,0.2606250047683716
716.0,0.916,0.7425,0.08399993181228638,0.2574999928474426
717.0,0.915,0.7425,0.08499997854232788,0.2574999928474426
718.0,0.915,0.7425,0.08499997854232788,0.2574999928474426
719.0,0.915,0.741875,0.08499997854232788,0.2581250071525574
720.0,0.915,0.7425,0.08499997854232788,0.2574999928474426
721.0,0.917,0.74625,0.08299994468688965,0.2537500262260437
722.0,0.917,0.745625,0.08299994468688965,0.25437504053115845
723.0,0.918,0.746875,0.08199995756149292,0.25312501192092896
724.0,0.918,0.746875,0.08199995756149292,0.25312501192092896
725.0,0.918,0.746875,0.08199995756149292,0.25312501192092896
726.0,0.921,0.743125,0.07899993658065796,0.25687503814697266
727.0,0.92,0.7425,0.07999998331069946,0.2574999928474426
728.0,0.92,0.743125,0.07999998331069946,0.25687503814697266
729.0,0.921,0.744375,0.07899993658065796,0.25562500953674316
730.0,0.922,0.7425,0.07799994945526123,0.2574999928474426
731.0,0.924,0.74375,0.07599997520446777,0.2562500238418579
732.0,0.921,0.744375,0.07899993658065796,0.25562500953674316
733.0,0.924,0.745,0.07599997520446777,0.2549999952316284
734.0,0.924,0.745625,0.07599997520446777,0.25437504053115845
735.0,0.904,0.7525,0.09599995613098145,0.2475000023841858
736.0,0.921,0.750625,0.07899993658065796,0.24937504529953003
737.0,0.922,0.753125,0.07799994945526123,0.24687498807907104
738.0,0.923,0.75375,0.0769999623298645,0.24625003337860107
739.0,0.923,0.75375,0.0769999623298645,0.24625003337860107
740.0,0.924,0.754375,0.07599997520446777,0.24562501907348633
741.0,0.924,0.755625,0.07599997520446777,0.24437499046325684
742.0,0.924,0.7575,0.07599997520446777,0.24250000715255737
743.0,0.923,0.756875,0.0769999623298645,0.24312502145767212
744.0,0.922,0.755625,0.07799994945526123,0.24437499046325684
745.0,0.922,0.755625,0.07799994945526123,0.24437499046325684
746.0,0.922,0.755,0.07799994945526123,0.24500000476837158
747.0,0.922,0.754375,0.07799994945526123,0.24562501907348633
748.0,0.922,0.755,0.07799994945526123,0.24500000476837158
749.0,0.922,0.75625,0.07799994945526123,0.24375003576278687
750.0,0.922,0.755,0.07799994945526123,0.24500000476837158
751.0,0.922,0.754375,0.07799994945526123,0.24562501907348633
752.0,0.922,0.754375,0.07799994945526123,0.24562501907348633
753.0,0.922,0.7525,0.07799994945526123,0.2475000023841858
754.0,0.921,0.753125,0.07899993658065796,0.24687498807907104
755.0,0.922,0.754375,0.07799994945526123,0.24562501907348633
756.0,0.919,0.753125,0.08099997043609619,0.24687498807907104
757.0,0.919,0.753125,0.08099997043609619,0.24687498807907104
758.0,0.92,0.750625,0.07999998331069946,0.24937504529953003
759.0,0.92,0.751875,0.07999998331069946,0.24812501668930054
760.0,0.919,0.754375,0.08099997043609619,0.24562501907348633
761.0,0.92,0.754375,0.07999998331069946,0.24562501907348633
762.0,0.922,0.75375,0.07799994945526123,0.24625003337860107
763.0,0.919,0.7525,0.08099997043609619,0.2475000023841858
764.0,0.92,0.75125,0.07999998331069946,0.24875003099441528
765.0,0.92,0.751875,0.07999998331069946,0.24812501668930054
766.0,0.921,0.750625,0.07899993658065796,0.24937504529953003
767.0,0.921,0.75375,0.07899993658065796,0.24625003337860107
768.0,0.921,0.75375,0.07899993658065796,0.24625003337860107
769.0,0.921,0.75375,0.07899993658065796,0.24625003337860107
770.0,0.924,0.753125,0.07599997520446777,0.24687498807907104
771.0,0.925,0.754375,0.07499992847442627,0.24562501907348633
772.0,0.926,0.75375,0.07399994134902954,0.24625003337860107
773.0,0.925,0.751875,0.07499992847442627,0.24812501668930054
774.0,0.925,0.751875,0.07499992847442627,0.24812501668930054
775.0,0.926,0.75375,0.07399994134902954,0.24625003337860107
776.0,0.926,0.754375,0.07399994134902954,0.24562501907348633
777.0,0.926,0.755,0.07399994134902954,0.24500000476837158
778.0,0.926,0.756875,0.07399994134902954,0.24312502145767212
779.0,0.924,0.75875,0.07599997520446777,0.24125003814697266
780.0,0.924,0.75875,0.07599997520446777,0.24125003814697266
781.0,0.924,0.75875,0.07599997520446777,0.24125003814697266
782.0,0.924,0.758125,0.07599997520446777,0.24187499284744263
783.0,0.923,0.7575,0.0769999623298645,0.24250000715255737
784.0,0.926,0.75375,0.07399994134902954,0.24625003337860107
785.0,0.927,0.75375,0.07299995422363281,0.24625003337860107
786.0,0.927,0.75,0.07299995422363281,0.25
787.0,0.928,0.75125,0.07199996709823608,0.24875003099441528
788.0,0.929,0.751875,0.07099997997283936,0.24812501668930054
789.0,0.928,0.75375,0.07199996709823608,0.24625003337860107
790.0,0.928,0.748125,0.07199996709823608,0.25187504291534424
791.0,0.928,0.749375,0.07199996709823608,0.25062501430511475
792.0,0.927,0.746875,0.07299995422363281,0.25312501192092896
793.0,0.927,0.74625,0.07299995422363281,0.2537500262260437
794.0,0.926,0.7475,0.07399994134902954,0.2524999976158142
795.0,0.926,0.748125,0.07399994134902954,0.25187504291534424
796.0,0.926,0.746875,0.07399994134902954,0.25312501192092896
797.0,0.924,0.744375,0.07599997520446777,0.25562500953674316
798.0,0.926,0.745,0.07399994134902954,0.2549999952316284
799.0,0.926,0.7425,0.07399994134902954,0.2574999928474426
800.0,0.928,0.743125,0.07199996709823608,0.25687503814697266
801.0,0.927,0.745,0.07299995422363281,0.2549999952316284
802.0,0.927,0.745,0.07299995422363281,0.2549999952316284
803.0,0.926,0.744375,0.07399994134902954,0.25562500953674316
804.0,0.927,0.745,0.07299995422363281,0.2549999952316284
805.0,0.927,0.74375,0.07299995422363281,0.2562500238418579
806.0,0.926,0.745,0.07399994134902954,0.2549999952316284
807.0,0.926,0.745,0.07399994134902954,0.2549999952316284
808.0,0.926,0.744375,0.07399994134902954,0.25562500953674316
809.0,0.924,0.745625,0.07599997520446777,0.25437504053115845
810.0,0.923,0.745625,0.0769999623298645,0.25437504053115845
811.0,0.923,0.7475,0.0769999623298645,0.2524999976158142
812.0,0.923,0.74875,0.0769999623298645,0.2512500286102295
813.0,0.923,0.75,0.0769999623298645,0.25
814.0,0.92,0.75125,0.07999998331069946,0.24875003099441528
815.0,0.918,0.75,0.08199995756149292,0.25
816.0,0.92,0.749375,0.07999998331069946,0.25062501430511475
817.0,0.916,0.74875,0.08399993181228638,0.2512500286102295
818.0,0.916,0.74875,0.08399993181228638,0.2512500286102295
819.0,0.915,0.7475,0.08499997854232788,0.2524999976158142
820.0,0.913,0.75,0.08699995279312134,0.25
821.0,0.913,0.749375,0.08699995279312134,0.25062501430511475
822.0,0.912,0.75,0.08799993991851807,0.25
823.0,0.912,0.75,0.08799993991851807,0.25
824.0,0.913,0.748125,0.08699995279312134,0.25187504291534424
825.0,0.912,0.744375,0.08799993991851807,0.25562500953674316
826.0,0.913,0.745625,0.08699995279312134,0.25437504053115845
827.0,0.914,0.748125,0.08599996566772461,0.25187504291534424
828.0,0.916,0.750625,0.08399993181228638,0.24937504529953003
829.0,0.915,0.749375,0.08499997854232788,0.25062501430511475
830.0,0.916,0.7425,0.08399993181228638,0.2574999928474426
831.0,0.915,0.744375,0.08499997854232788,0.25562500953674316
832.0,0.915,0.74375,0.08499997854232788,0.2562500238418579
833.0,0.916,0.744375,0.08399993181228638,0.25562500953674316
834.0,0.917,0.74625,0.08299994468688965,0.2537500262260437
835.0,0.917,0.746875,0.08299994468688965,0.25312501192092896
836.0,0.918,0.74625,0.08199995756149292,0.2537500262260437
837.0,0.92,0.749375,0.07999998331069946,0.25062501430511475
838.0,0.922,0.74875,0.07799994945526123,0.2512500286102295
839.0,0.921,0.75,0.07899993658065796,0.25
840.0,0.921,0.75375,0.07899993658065796,0.24625003337860107
841.0,0.921,0.75375,0.07899993658065796,0.24625003337860107
842.0,0.918,0.749375,0.08199995756149292,0.25062501430511475
843.0,0.919,0.746875,0.08099997043609619,0.25312501192092896
844.0,0.921,0.75,0.07899993658065796,0.25
845.0,0.924,0.74875,0.07599997520446777,0.2512500286102295
846.0,0.925,0.748125,0.07499992847442627,0.25187504291534424
847.0,0.924,0.748125,0.07599997520446777,0.25187504291534424
848.0,0.924,0.7475,0.07599997520446777,0.2524999976158142
849.0,0.924,0.749375,0.07599997520446777,0.25062501430511475
850.0,0.925,0.7475,0.07499992847442627,0.2524999976158142
851.0,0.925,0.7475,0.07499992847442627,0.2524999976158142
852.0,0.924,0.7425,0.07599997520446777,0.2574999928474426
853.0,0.924,0.7425,0.07599997520446777,0.2574999928474426
854.0,0.923,0.741875,0.0769999623298645,0.2581250071525574
855.0,0.923,0.740625,0.0769999623298645,0.25937503576278687
856.0,0.923,0.740625,0.0769999623298645,0.25937503576278687
857.0,0.924,0.74125,0.07599997520446777,0.2587500214576721
858.0,0.924,0.7425,0.07599997520446777,0.2574999928474426
859.0,0.922,0.74625,0.07799994945526123,0.2537500262260437
860.0,0.921,0.748125,0.07899993658065796,0.25187504291534424
861.0,0.921,0.748125,0.07899993658065796,0.25187504291534424
862.0,0.921,0.74875,0.07899993658065796,0.2512500286102295
863.0,0.921,0.748125,0.07899993658065796,0.25187504291534424
864.0,0.919,0.74875,0.08099997043609619,0.2512500286102295
865.0,0.918,0.748125,0.08199995756149292,0.25187504291534424
866.0,0.92,0.7475,0.07999998331069946,0.2524999976158142
867.0,0.917,0.746875,0.08299994468688965,0.25312501192092896
868.0,0.918,0.74625,0.08199995756149292,0.2537500262260437
869.0,0.918,0.74625,0.08199995756149292,0.2537500262260437
870.0,0.918,0.74625,0.08199995756149292,0.2537500262260437
871.0,0.918,0.74625,0.08199995756149292,0.2537500262260437
872.0,0.919,0.74625,0.08099997043609619,0.2537500262260437
873.0,0.921,0.74875,0.07899993658065796,0.2512500286102295
874.0,0.922,0.75,0.07799994945526123,0.25
875.0,0.922,0.75,0.07799994945526123,0.25
876.0,0.921,0.748125,0.07899993658065796,0.25187504291534424
877.0,0.921,0.748125,0.07899993658065796,0.25187504291534424
878.0,0.92,0.746875,0.07999998331069946,0.25312501192092896
879.0,0.919,0.74625,0.08099997043609619,0.2537500262260437
880.0,0.92,0.7475,0.07999998331069946,0.2524999976158142
881.0,0.92,0.749375,0.07999998331069946,0.25062501430511475
882.0,0.922,0.749375,0.07799994945526123,0.25062501430511475
883.0,0.922,0.750625,0.07799994945526123,0.24937504529953003
884.0,0.921,0.750625,0.07899993658065796,0.24937504529953003
885.0,0.921,0.750625,0.07899993658065796,0.24937504529953003
886.0,0.92,0.74875,0.07999998331069946,0.2512500286102295
887.0,0.921,0.748125,0.07899993658065796,0.25187504291534424
888.0,0.92,0.7475,0.07999998331069946,0.2524999976158142
889.0,0.922,0.746875,0.07799994945526123,0.25312501192092896
890.0,0.921,0.74375,0.07899993658065796,0.2562500238418579
891.0,0.92,0.74125,0.07999998331069946,0.2587500214576721
892.0,0.92,0.74125,0.07999998331069946,0.2587500214576721
893.0,0.92,0.74125,0.07999998331069946,0.2587500214576721
894.0,0.921,0.74125,0.07899993658065796,0.2587500214576721
895.0,0.921,0.74125,0.07899993658065796,0.2587500214576721
896.0,0.921,0.74125,0.07899993658065796,0.2587500214576721
897.0,0.922,0.7425,0.07799994945526123,0.2574999928474426
898.0,0.917,0.744375,0.08299994468688965,0.25562500953674316
899.0,0.917,0.74375,0.08299994468688965,0.2562500238418579
900.0,0.921,0.743125,0.07899993658065796,0.25687503814697266
901.0,0.92,0.7475,0.07999998331069946,0.2524999976158142
902.0,0.921,0.7475,0.07899993658065796,0.2524999976158142
903.0,0.922,0.751875,0.07799994945526123,0.24812501668930054
904.0,0.921,0.750625,0.07899993658065796,0.24937504529953003
905.0,0.921,0.75125,0.07899993658065796,0.24875003099441528
906.0,0.921,0.75125,0.07899993658065796,0.24875003099441528
907.0,0.919,0.750625,0.08099997043609619,0.24937504529953003
908.0,0.919,0.75125,0.08099997043609619,0.24875003099441528
909.0,0.918,0.749375,0.08199995756149292,0.25062501430511475
910.0,0.918,0.750625,0.08199995756149292,0.24937504529953003
911.0,0.919,0.750625,0.08099997043609619,0.24937504529953003
912.0,0.918,0.7475,0.08199995756149292,0.2524999976158142
913.0,0.917,0.7475,0.08299994468688965,0.2524999976158142
914.0,0.917,0.74875,0.08299994468688965,0.2512500286102295
915.0,0.916,0.748125,0.08399993181228638,0.25187504291534424
916.0,0.918,0.746875,0.08199995756149292,0.25312501192092896
917.0,0.918,0.74375,0.08199995756149292,0.2562500238418579
918.0,0.918,0.74625,0.08199995756149292,0.2537500262260437
919.0,0.919,0.7475,0.08099997043609619,0.2524999976158142
920.0,0.92,0.7475,0.07999998331069946,0.2524999976158142
921.0,0.921,0.748125,0.07899993658065796,0.25187504291534424
922.0,0.92,0.749375,0.07999998331069946,0.25062501430511475
923.0,0.92,0.748125,0.07999998331069946,0.25187504291534424
924.0,0.922,0.748125,0.07799994945526123,0.25187504291534424
925.0,0.922,0.749375,0.07799994945526123,0.25062501430511475
926.0,0.925,0.74875,0.07499992847442627,0.2512500286102295
927.0,0.926,0.75,0.07399994134902954,0.25
928.0,0.928,0.75,0.07199996709823608,0.25
929.0,0.928,0.75,0.07199996709823608,0.25
930.0,0.926,0.75,0.07399994134902954,0.25
931.0,0.926,0.75,0.07399994134902954,0.25
932.0,0.927,0.74875,0.07299995422363281,0.2512500286102295
933.0,0.928,0.74875,0.07199996709823608,0.2512500286102295
934.0,0.928,0.74875,0.07199996709823608,0.2512500286102295
935.0,0.927,0.74875,0.07299995422363281,0.2512500286102295
936.0,0.928,0.746875,0.07199996709823608,0.25312501192092896
937.0,0.927,0.74375,0.07299995422363281,0.2562500238418579
938.0,0.929,0.74125,0.07099997997283936,0.2587500214576721
939.0,0.93,0.740625,0.06999993324279785,0.25937503576278687
940.0,0.93,0.740625,0.06999993324279785,0.25937503576278687
941.0,0.931,0.740625,0.06899994611740112,0.25937503576278687
942.0,0.931,0.74,0.06899994611740112,0.25999999046325684
943.0,0.931,0.739375,0.06899994611740112,0.2606250047683716
944.0,0.926,0.73875,0.07399994134902954,0.26125001907348633
945.0,0.928,0.739375,0.07199996709823608,0.2606250047683716
946.0,0.93,0.739375,0.06999993324279785,0.2606250047683716
947.0,0.931,0.74,0.06899994611740112,0.25999999046325684
948.0,0.93,0.74,0.06999993324279785,0.25999999046325684
949.0,0.931,0.740625,0.06899994611740112,0.25937503576278687
950.0,0.931,0.740625,0.06899994611740112,0.25937503576278687
951.0,0.932,0.740625,0.0679999589920044,0.25937503576278687
952.0,0.932,0.739375,0.0679999589920044,0.2606250047683716
953.0,0.93,0.739375,0.06999993324279785,0.2606250047683716
954.0,0.932,0.74125,0.0679999589920044,0.2587500214576721
955.0,0.932,0.740625,0.0679999589920044,0.25937503576278687
956.0,0.933,0.7425,0.06699997186660767,0.2574999928474426
957.0,0.931,0.741875,0.06899994611740112,0.2581250071525574
958.0,0.931,0.741875,0.06899994611740112,0.2581250071525574
959.0,0.931,0.743125,0.06899994611740112,0.25687503814697266
960.0,0.931,0.743125,0.06899994611740112,0.25687503814697266
961.0,0.932,0.743125,0.0679999589920044,0.25687503814697266
962.0,0.932,0.74375,0.0679999589920044,0.2562500238418579
963.0,0.933,0.743125,0.06699997186660767,0.25687503814697266
964.0,0.933,0.74375,0.06699997186660767,0.2562500238418579
965.0,0.933,0.74375,0.06699997186660767,0.2562500238418579
966.0,0.934,0.743125,0.06599998474121094,0.25687503814697266
967.0,0.935,0.743125,0.06499993801116943,0.25687503814697266
968.0,0.935,0.741875,0.06499993801116943,0.2581250071525574
969.0,0.936,0.744375,0.0639999508857727,0.25562500953674316
970.0,0.936,0.746875,0.0639999508857727,0.25312501192092896
971.0,0.935,0.745,0.06499993801116943,0.2549999952316284
972.0,0.933,0.743125,0.06699997186660767,0.25687503814697266
973.0,0.933,0.741875,0.06699997186660767,0.2581250071525574
974.0,0.933,0.741875,0.06699997186660767,0.2581250071525574
975.0,0.932,0.740625,0.0679999589920044,0.25937503576278687
976.0,0.931,0.7425,0.06899994611740112,0.2574999928474426
977.0,0.933,0.740625,0.06699997186660767,0.25937503576278687
978.0,0.933,0.739375,0.06699997186660767,0.2606250047683716
979.0,0.93,0.7325,0.06999993324279785,0.26750004291534424
980.0,0.93,0.735625,0.06999993324279785,0.2643750309944153
981.0,0.932,0.738125,0.0679999589920044,0.2618750333786011
982.0,0.932,0.73875,0.0679999589920044,0.26125001907348633
983.0,0.935,0.745625,0.06499993801116943,0.25437504053115845
984.0,0.935,0.745625,0.06499993801116943,0.25437504053115845
985.0,0.934,0.745,0.06599998474121094,0.2549999952316284
986.0,0.934,0.745625,0.06599998474121094,0.25437504053115845
987.0,0.935,0.74375,0.06499993801116943,0.2562500238418579
988.0,0.935,0.745,0.06499993801116943,0.2549999952316284
989.0,0.935,0.744375,0.06499993801116943,0.25562500953674316
990.0,0.933,0.743125,0.06699997186660767,0.25687503814697266
991.0,0.932,0.7425,0.0679999589920044,0.2574999928474426
992.0,0.932,0.7425,0.0679999589920044,0.2574999928474426
993.0,0.929,0.745625,0.07099997997283936,0.25437504053115845
994.0,0.928,0.74375,0.07199996709823608,0.2562500238418579
995.0,0.927,0.741875,0.07299995422363281,0.2581250071525574
996.0,0.932,0.744375,0.0679999589920044,0.25562500953674316
997.0,0.93,0.745625,0.06999993324279785,0.25437504053115845
998.0,0.929,0.744375,0.07099997997283936,0.25562500953674316
999.0,0.93,0.745625,0.06999993324279785,0.25437504053115845
1000.0,0.928,0.739375,0.07199996709823608,0.2606250047683716
